{
    "1": [
        {
            "X": 820.21137037698475,
            "Y": 281.78347310380383,
            "Z": 0.0
        },
        {
            "X": 549.19106938587777,
            "Y": 484.75042962970093,
            "Z": 0.0
        }
    ],
    "2": [
        {
            "X": 575.201943754871,
            "Y": 519.48055757110831,
            "Z": 0.0
        },
        {
            "X": 846.22124551912248,
            "Y": 316.51360104521325,
            "Z": 0.0
        }
    ]
}